Company,Incident date,title,Rating,actual_url,Root cause,Root cause - category,Amplifier,Amplifier - category,Trigger,Trigger - category,Fixing approach,Fixing - category,Mitigation approach,Mitigation - category,Duration (minutes) to fix trigger,Duration (minutes) to solve incident
Google,"June 12, 2025",Metadata replication caused global API failures,5 ⭐⭐⭐⭐⭐,https://status.cloud.google.com/incidents/ow5i3PPK96RduMcb1SsW,"Software bug: a new feature in the Service Control binary lacked appropriate error handling (null pointer check) and was not protected by a feature flag, allowing an untested code path to execute.",Software bug,"As the quota management tool tasks restarted, they created a thundering herd effect that overwhelmed the database. No backoff made the situation worse.",Retry storm,Blank fields in some of the metadata for the quota management tool caused null pointer crashes,SW release,"SREs deployed a ""red-button"" configuration to disable the failing policy serving path and manually throttled task creation in large regions to prevent infrastructure collapse.",Throttle,"he architecture will be modularized to ""fail open,"" global data replication will move to an incremental/canary model, and all critical changes will be enforced via feature flags and randomized exponential backoff.ion requests and direct to multi-regional infrastructure",Bug patching,40.0,160.0
CircleCI,"July 8, 2014",Monolithic database lockup,5 ⭐⭐⭐⭐⭐,https://circleci.statuspage.io/incidents/hr0mm9xmm3x6,"Architectural coupling of the build queue to the primary application database, which created a single point of failure and contention under high write volume. Additionally, the system lacked sufficient isolation between queue management and core data persistence.",Architectural SPOF,"A vicious positive feedback loop where database latency caused build timeouts, which in turn triggered automatic re-enqueuing of builds, exponentially increasing the write load on the already failing database.",Death spiral,"Thundering herd / Surge in GitHub pull / build requests, much more than usual",Thundering herd,"First, they tried sizing down load balancer (bad!). Then they deployed new DB to new hardware and duplicated everything",Add hardware,The engineering team accelerated the decoupling of the build scheduling infrastructure to move the queue off the main DB and implemented better query optimization. They also established permanent hardware upgrades to provide more operational headroom.,Bug patching,540.0,1080.0
Google,"December 7, 2015",Retry storm to an outdated backend makes service exceed regional capacity,5 ⭐⭐⭐⭐⭐,https://status.cloud.google.com/incident/appengine/15025,A software bug due to which the API would keep requesting stuff to an old backend even if a new one was available,Software bug,Retry storm of APIs that kept overloading the old backend with requests until they exceeded its regional capacity,Retry storm,The rollout of a new backend,SW release,"Delete credentials that were known to be failing, to stop the retry storm",Throttle,Patch the software bug,Bug patching,200.0,600.0
Spotify,"April 27, 2013",Legacy client overwhelmed an underprovisioned service,5 ⭐⭐⭐⭐⭐,https://labs.spotify.com/2013/06/04/incident-management-at-spotify/,Popcount (internal service) was underprovisioned,Resource underprovisioning,"Legacy desktop clients lacked backoff, and kept retrying to make requests to Popcount, overwhelming it",Retry storm,Dependency introduced in new feature rolled out spawned too many requests for Popcount,SW release,"Quick fix in Popcount, didn’t work because of legacy clients. Had to firewall all clients out, since only that triggered their built-in backoff retryer",Throttle,"Fixed the client-side retry logic, implemented TTL caching for Discovery data, and decoupled/rate-limited non-critical log streams to prevent I/O saturation.",Retry poicy,180.0,60.0
Amazon,"April 29, 2011",EBS Re-mirroring storm,5 ⭐⭐⭐⭐⭐,https://aws.amazon.com/message/65648/,EBS does not handle correctly the case in which the volumes are isolated,Software bug,Re-mirroring storm: all EBS volume try to replicate at the same time. This knocks out the control plane as well. The whole region is out!,Retry storm,Incorrect traffic shift moved traffic to lower capacity network instead of secondary network,Network interruption,Disable “Create volume” EBS APIs; Disable connection between degraded EBS volumes and the normal ones,Shut down non-essential,Carry additional safety capacity (= add more EBS infrastructure) needed for large scale failures. Modify the retry logic to prevent re-mirroring storms.,Provision more infrastructure,120.0,660.0
Allegro,"July 18, 2018",Over-reservation of resources,5 ⭐⭐⭐⭐⭐,https://allegro.tech/2018/08/postmortem-why-allegro-went-down.html,Misconfiguration in circuit breaker. Misconfiguration in rate limiters. Services reserved way more resources than they needed.,Software bug,Retry storm; clients kept retrying and circuit breaker and rate limiters did not stop them. ,Retry storm,Run out of resources and could not handle the traffic spike,High load / request surge,Shutting down non-critical services to free up CPU and RAM,Shut down non-essential,Fix retry circuit breakers and rate limiters. Make it harder for bots to storm the website.,Retry poicy,15.0,20.0
Amazon,"October 22, 2012","DNS-Triggered EBS memory leak, storm",5 ⭐⭐⭐⭐⭐,https://aws.amazon.com/message/680342/,Hidden memory leak,Software bug,The system kept trying to failover even where there were not enough instances available.,Death spiral,DNS update gone wrong makes EBS storage nodes completely filled up,SW release,The team manually reduced the failover rate to stabilize the cluster and then identified and killed the misbehaving agents to free up system memory.,Throttle,"AWS committed to deploying a permanent fix for the memory leak, implementing per-process memory limits/monitoring, and improving the reliability of internal DNS propagation.",Bug patching,240.0,310.0
Meta,"September 23, 2010","Cache invalidation is notoriously hard. If you mess it up at Meta, Facebook goes down!",5 ⭐⭐⭐⭐⭐,https://engineering.fb.com/2010/09/23/uncategorized/more-details-on-today-s-outage/,A faulty software that changes the cache,Software bug,"The fact that the values were incorrect made more and more clients request again stuff to the DB, which made it fail, which made more clients request stuff to the DB…",Retry storm,A change to the persistent copy of a configuration value that was interpreted as invalid,SW release,Shut down the whole service,Throttle,Redesign architecture,Bug patching,,150.0
Amazon,"December 7, 2021",Internal network congestion: monitoring blackout!,5 ⭐⭐⭐⭐⭐,https://aws.amazon.com/message/12721/,Bug in internal client backoff behaviour. Internal network architecture made congestion easier.,Software bug,Internal clients kept retrying and the configured backoff didn’t work as intended; internal monitoring tools were hindered for the same reason as well.,Retry storm,An automated activity designed to scale capacity for a service hosted in the main AWS network,SW release,"Remove congestion by moving traffic on other network paths, disable traffic-heavy services",Shut down non-essential,"AWS disabled the problematic scaling automation, committed to a fix for the client back-off code bug, and deployed new network configurations to protect gateway devices from traffic surges.",Bug patching,112.0,420.0
Slack,"February 22, 2022",Flushing the cache caused a big cascading failure,5 ⭐⭐⭐⭐⭐,https://slack.engineering/slacks-incident-on-2-22-22/,Lack of circuit breakers and architectural dependency on expensive queries,Architectural SPOF,"A vicious cycle where high database load caused timeouts that prevented the cache from warming up, combined with aggressive client retries (even if they had backoff + jitter) that sustained the overload even after the trigger was paused.",Retry storm,"A 25% rollout of a Consul agent upgrade that caused Memcached nodes to deregister and be replaced by Mcrib with empty, un-warmed cache nodes.",SW release,SREs applied a restrictive throttle to client boot requests to shed load and modified the application to query only missing GDM data from database replicas instead of all shards.,Throttle,"Slack moved the groups DM data to a channel-sharded table to eliminate scatter queries, updated Mcrib to handle node churn more safely, and audited the fleet for other latent scatter query risks.",Bug patching,,
Discord,"March 20, 2017",Thundering herd of millions of Discord users,4 ⭐⭐⭐⭐,https://status.discordapp.com/incidents/dj3l6lw926kl,"A latent bug in the presence cluster's membership logic that failed to handle node departures, leading to a split-brain state. This was compounded by an underlying Google Cloud hypervisor issue causing CPU soft locks.",Software bug,"Discord's session buffering mechanism; it attempted to store messages in memory for 1/3rd of all users whose connections were stalled by the presence failure, leading to rapid OOM crashes. Reconnection attempts made recovery harder.",Death spiral,Thundering herd of reconnections after a 20-second soft lock on the CPU of one of their cluster servers.,Thundering herd,"Operators globally disabled message sending to shed load, patched the API to throttle reconnection rates.",Throttle,"Discord deployed the presence split-brain fix, implemented ""fast-fail"" mechanisms and connection limits between sessions and presence, and improved automated detection for CPU lockups. No retry policy mentioned.",Bug patching,272.0,316.0
Amazon,"September 20, 2015",Little power loss makes DynamoDB metadata service collapse,4 ⭐⭐⭐⭐,https://aws.amazon.com/message/5467D2/,Insufficient provisioning and inadequate monitoring of the metadata service’s processing capacity.,Resource underprovisioning,"A classic thundering herd effect where failing requests led to aggressive retries from storage nodes, creating so much load that operators were initially unable to even issue administrative commands to scale the metadata service.",Retry storm,"A brief, transient network disruption that forced a large portion of storage servers to simultaneously request membership data from the metadata service.",Network interruption,"Drastic step: pause all requests and enable to clean backlog, to finally be able to add hardware capacity",Throttle,"Added jitter; Increased metadata service capacity, implemented stricter monitoring on membership sizes, reduced the frequency of storage node check-ins,  began segmenting the metadata service into smaller, isolated cells.",Retry poicy,167.0,297.0
Elastic,"January 18, 2019",Requests storm of treecaches to zookeepers (ahah),4 ⭐⭐⭐⭐,https://web.archive.org/web/20201107233826/https://www.elastic.co/blog/elastic-cloud-january-18-2019-incident-report,"A design flaw in the TreeCache library that sends an unbounded, full-tree refresh request batch upon every connection flakiness event without back-pressure or session awareness.",Software bug,"A death spiral where connection flakiness triggered massive batches of refresh requests, which further overloaded ZooKeeper, leading to more timeouts and client OOM (Out of Memory) errors.",Death spiral,"High CPU load and GC pauses on the ZooKeeper (Elastic’s coordination layer) leader, causing client heartbeats to time out.",High load / request surge,New Zookeeper leader election; scale out to handle higher load,Add hardware,"Developed and deployed TreeWatcher, a custom replacement for TreeCache that supports session resumption, implements server-driven back-pressure, and cancels redundant refresh cycles.",Bug patching,122.0,175.0
Mailgun,"January 19, 2017","MongoDB saturated, but to fix it you break everything",4 ⭐⭐⭐⭐,https://status.mailgun.com/incidents/p9nxxql8g9rh,"Absence of client-side connection pooling limits, which allowed services to create an unbounded number of connections that eventually saturated the database's available resources.",Software bug,"Human error during the rollback process; a misconfiguration forced all traffic from the secondaries to the primary, turning a slow read issue into a total primary node failure.",Persistent congestion,"A gradual, unexplained increase in connections to MongoDB secondary nodes, coinciding with configuration changes deployed the previous day.",High load / request surge,"Resized MongoDB instances to handle higher connection volume, applied server-level connection limits, and corrected routing configurations to restore secondary read preferences.",Add hardware,"Implemented hard connection limits across all services, permanently increased cluster hardware specifications, and deployed redundant tracking infrastructure in a separate region. Nothing retry-related.",Bug patching,66.0,386.0
Honeycomb,"July 25, 2023",What comes up must first go down,4 ⭐⭐⭐⭐,https://www.honeycomb.io/blog/incident-review-what-comes-up-must-first-go-down/,"A latent implementation bug in the feature flag logic where hosts, once told to stop writing to the database, would never resume trying even after the flag was toggled back without a full reboot.",Software bug,"The ""Main"" RDS database acted as a single point of failure; as the cache failed, a ""read storm"" overloaded MySQL, increasing the probability of hitting a rare concurrency race condition/deadlock.",Retry storm,"Toggling a feature flag to move database writes between Retriever clusters, which accidentally permanently disabled the ""last written"" timestamp updates for the schema cache.",SW release,Manual circuit breaking; hard failover to MySQL replica,Throttle,"Removed the faulty code that allowed writes to be disabled behind the cache, completed the infrastructure migration, and began architectural reviews to further decouple the ingestion path from the primary database.",Bug patching,68.0,68.0
Google,"October 31, 2019","Slow servers, retry storms, and manual cleanups",4 ⭐⭐⭐⭐,https://status.cloud.google.com/incident/compute/19008,"A performance regression in a new software release of the networking control plane caused requests to be processed too slowly to maintain throughput, leading to an unbounded queue growth.",Software bug,"A classic ""retry storm"" where client systems increased load via automated retries, coupled with a lack of automation to clear ""stuck"" state transitions in the database.",Retry storm,The deployment of a faulty networking control software update that contained the performance regression.,SW release,"Engineers allotted more resources to sharded components, implemented emergency rate limits to throttle incoming requests, and performed a hard restart of the distribution service to flush the backlog.",Throttle,"Continuous load testing in the deployment pipeline, rate limiting of requests to control plane, further sharding of the global distribution service, and the development of automated tools to ""unstick"" failed operations without manual intervention.",Bug patching,2780.0,398.0
Amazon,"October 20, 2025",Big october DNS AWS outage,4 ⭐⭐⭐⭐,https://aws.amazon.com/message/101925/,"A latent race condition in the DynamoDB DNS Enactor architecture where a stale check allowed an older plan to overwrite a newer one, which was then deleted by a cleanup process, leaving the service with an empty DNS record.",Software bug,"Textbook cascading failure: EC2 DropletWorkflow Manager (DWFM) collapsed because recovery attempts timed out due to sheer volume, and NLB health check death spirals where healthy instances were marked unhealthy due to delayed network state propagation",Death spiral,"Unusually high processing delays for one specific DNS Enactor instance, which then led to the overwriting of one DNS field with an empty field.",High load / request surge,"Manual restoration of the DynamoDB DNS state by operators, followed by selective restarts of DWFM hosts and the temporary disabling of automatic NLB health check failovers to stop the capacity-removal cycle.",Throttle,"Disabling global DNS Enactor/Planner automation until the race condition is patched, implementing ""velocity controls"" on NLB capacity removal, and enhancing EC2's data propagation throttling to be queue-size aware.",Bug patching,872.0,157.0
Cloudflare,"January 24, 2023",Cloudflare,3 ⭐⭐⭐,https://blog.cloudflare.com/cloudflare-incident-on-january-24th-2023/,,,,,,,,,,,,121.0
rust-lang,"July 20, 2023",Malformed URLs bring down crates download,3 ⭐⭐⭐,https://blog.rust-lang.org/inside-rust/2023/07/21/crates-io-postmortem.html,"The codebase was structured in a way that made testing environment-specific URL paths difficult, resulting in a refactor that lacked test coverage for production-variable logic.",,"The Cargo package manager's automated retry logic multiplied the request volume, which initially obscured the error as a potential traffic spike rather than a code bug.",,The promotion of the faulty staging deployment (with a typo in the URL) to the production environment,,Manual rollback,,he team implemented tests using realistic production-style environment values and updated the staging smoke-test checklist to explicitly include crate downloads. Long-term plans include automating these smoke tests and establishing formal rules for when code reviews are mandatory.,,13.0,13.0
Google,"June 2, 2019",What if the outage outages the management tools to fix the outage?,3 ⭐⭐⭐,https://status.cloud.google.com/incident/cloud-networking/19009,"A software bug in maintenance automation allowed it to deschedule multiple independent software clusters concurrently, combined with a misconfiguration that marked critical network control plane jobs as stoppable during maintenance.",Software bug,"A circular dependency where network congestion broke the management tools required to fix the network, and the loss of the control plane caused configuration data to be wiped, necessitating a slow, manual rebuild of the environment.",Death spiral,"The initiation of a ""normally-benign,"" relatively rare maintenance event in a single physical location.",SW release,"Halting the faulty automation software, manually re-enabling the network control plane, and rebuilding/redistributing lost configuration data across multiple locations.",Throttle,"Hardening cluster management software to reject multi-location descheduling, reconfiguring control plane jobs to persist data locally, and ensuring the network can ""fail static"" for much longer periods without dropping routes. Not really anything retry-related.",Bug patching,265.0,76.0
Google,"September 13, 2022","Throttling is good, but if it’s generically global and strict…",3 ⭐⭐⭐,https://status.cloud.google.com/incidents/X8SNkK2BPyCrc1sveeiu,Global API request limit (API throttling) that was too strict; it lacked sufficient isolation between internal service traffic and external customer traffic.,Software bug,"The global nature of the quota meant that a localized spike from an internal service was ""promoted"" to a worldwide outage, leaving no region unaffected.",Death spiral,"An internal Google management service malfunctioned, generating a massive surge of requests that exceeded the Filestore API's global threshold.",High load / request surge,Engineers manually identified the rogue internal service and paused its operation to immediately relieve the pressure on the API.,Throttle,Removing that specific global quota and place local limits instead. More granular monitoring.,Bug patching,184.0,9.0
GitHub,"October 21, 2018",GitHub,3 ⭐⭐⭐,https://blog.github.com/2018-10-30-oct21-post-incident-analysis/,"A configuration mismatch where the automated failover tool was permitted to promote a remote database to ""primary"" status, despite the application layer being unable to handle the resulting cross-country latency.",Software bug,"The ""split-brain"" state: writes existed on the East Coast that weren't on the West, and vice versa. This prevented a simple automated ""fail-back,"" forcing a slow manual rebuild from remote cloud backups.",,Routine maintenance to replace networking optical equipment that caused a 43-second network loss between the US East Coast network hub and the primary data center.,Network interruption,"Blocking everything (circuit-breaker-like), pausing high-volume write background jobs (Webhooks and Pages), restoring multiple terabytes of MySQL data from backups, and slowly syncing replicas until they could handle production load.",Throttle,"Reconfiguring the automated failover tool to prevent cross-regional primary promotions, accelerating ""active-active"" multi-datacenter architecture, and implementing chaos engineering to test failure scenarios.",Bug patching,1451.0,1.0
Allegro,"October 23, 2014","If you don’t have monitoring, you don’t realize when you have problems…",3 ⭐⭐⭐,https://allegro.tech/2015/01/allegro-cast-post-mortem.html,A Single Point of Failure in the task processing architecture and a latent bug/misconfiguration that caused the task retrieving daemon to lose its current state and default to an old timestamp upon restart.,Architectural SPOF,"A total lack of automated monitoring delayed detection for 4.5 hours, and the system’s ""first-in, first-out"" processing of the massive historical backlog created a vicious cycle of increasing latency.",Death spiral,Human error resulting in the accidental restart of the wrong blade server,Network interruption,"Engineers manually reset the task counter to the current date, increased processing efficiency limits, and deleted millions of stale or non-essential tasks to clear the queue",Shut down non-essential,Add monitoring logic!,Bug patching,2000.0,300.0
Cloudflare,"November 18, 2025","Internal files should be reviewed with the same scrutiny as external ones, otherwise…",3 ⭐⭐⭐,https://blog.cloudflare.com/18-november-2025-outage/,"Internal software had a limit on the size of a certain file, which when surpassed would cause the control plane to crash.",Software bug,"Cascading effect on other services. Requests backlog and retries sent down other parts of the infrastructure. Automated observability and debugging systems consumed massive CPU cycles to ""enhance"" the error reports from the panics, which increased latency and effectively self-inflicted a resource exhaustion state across the network.",Death spiral,Change to one of their database permission system that caused the file to double in size.,SW release,"Engineers stopped the propagation of the bad feature file, manually rolled back to a known-good version in the distribution queue, and scaled the infrastructure up.",Add hardware,"Hardening configuration ingestion to treat internal files with the same scrutiny as user input, implementing global ""kill switches"" for specific modules, and decoupling error-reporting resource consumption from core traffic processing.",Bug patching,338.0,182.0
