scenario,client,no_budget_sr_fault,no_budget_retry_share,static_budget_sr_fault,static_budget_retry_share,rl_agent_sr_fault,rl_agent_retry_share
istio_partial_failure,client-bronze,0.03237410071942446,0.20836813870171336,0.30935251798561153,0.20910820597802737,0.30035971223021585,0.20343061640032084
istio_partial_failure,client-gold,0.03213317847464189,0.4666332535130219,0.3310104529616725,0.46836064567605723,0.3077816492450639,0.46621830073425063
istio_partial_failure,client-silver,0.0390625,0.3249986077852648,0.3197544642857143,0.3225311483459154,0.30580357142857145,0.3303510828654285
istio_load_spike,client-bronze,0.003395585738539898,0.17844325065721797,0.03225806451612903,0.16299783687492048,0.01799660441426146,0.16129320513278764
istio_load_spike,client-gold,0.0026438885499288182,0.5078408961024117,0.037522879804759,0.530565502699362,0.020032540166768354,0.5334381813632627
istio_load_spike,client-silver,0.0023239184840900965,0.3137158532403703,0.03628888094386843,0.30643666042571754,0.021451555237754737,0.3052686135039497
istio_compound_failure,client-bronze,0.013119203800045238,0.1751082148445703,0.0490839176656865,0.1677012886511221,0.03867903189323683,0.16803826173002392
istio_compound_failure,client-gold,0.013395660364194517,0.511112766980755,0.043535896183632176,0.5220551125466841,0.031047233656596666,0.5214067782633792
istio_compound_failure,client-silver,0.014562522565892405,0.3137790181746747,0.04982549043206162,0.3102435988021937,0.03141172222890841,0.3105549600065968
istio_switchback_adversarial,client-bronze,0.01903419104688051,0.17689821927928173,0.035953471977440955,0.1746298134484911,0.029256256609094113,0.17560569854266936
istio_switchback_adversarial,client-gold,0.016457900353872942,0.5116229531229464,0.03465708026737067,0.5161582464362829,0.025332809077121834,0.5138929624055812
istio_switchback_adversarial,client-silver,0.017153809295639675,0.31147882759777196,0.0390991854336368,0.309211940115226,0.02539530426449449,0.3105013390517494
