id,client_profile,fault_manifest,rate_rps,fault_duration,fault_rate,num_spikes,inter_spike_gap,rl_callee,rl_caller_labels,default_label
S01,post-cart-stress-open,cartservice-50pct,1000,20,50,1,0,cartservice,"frontend,checkoutservice",Recovered
S02,post-cart-stress-open,cartservice-100pct,1000,75,100,1,0,cartservice,"frontend,checkoutservice",Recovered
S03,post-cart-stress-open,cartservice-90pct,1200,30,90,1,0,cartservice,"frontend,checkoutservice",Recovered
S04,post-cart-stress-open,cartservice-90pct,1400,20,90,1,0,cartservice,"frontend,checkoutservice",Recovered
S05,post-cart-stress-open,cartservice-95pct,1200,20,95,1,0,cartservice,"frontend,checkoutservice",Metastable
S06,post-cart-stress-open,cartservice-75pct,1200,45,75,1,0,cartservice,"frontend,checkoutservice",Metastable
S07,post-cart-stress-open,cartservice-90pct,1200,45,90,1,0,cartservice,"frontend,checkoutservice",Metastable
S08,post-cart-stress-open,cartservice-75pct,1200,75,75,1,0,cartservice,"frontend,checkoutservice",Metastable
S09,post-cart-stress-open,cartservice-50pct,1400,20,50,1,0,cartservice,"frontend,checkoutservice",Metastable
S10,post-cart-stress-open,cartservice-75pct,1400,20,75,1,0,cartservice,"frontend,checkoutservice",Recovered
S11,post-cart-stress-open,cartservice-75pct,1400,45,75,1,0,cartservice,"frontend,checkoutservice",Recovered
S12,post-cart-stress-open,cartservice-90pct,1400,45,90,1,0,cartservice,"frontend,checkoutservice",Metastable
S13,post-cart-stress-open,cartservice-100pct,1400,45,100,1,0,cartservice,"frontend,checkoutservice",Metastable
S14,post-cart-stress-open,cartservice-50pct,1400,75,50,1,0,cartservice,"frontend,checkoutservice",Recovered
S15,post-cart-stress-open,cartservice-75pct,1400,75,75,1,0,cartservice,"frontend,checkoutservice",Metastable
S16,post-cart-stress-open,cartservice-50pct,1600,30,50,1,0,cartservice,"frontend,checkoutservice",Metastable
S17,post-cart-stress-open,cartservice-90pct,1600,30,90,1,0,cartservice,"frontend,checkoutservice",Metastable
S18,post-cart-stress-open,cartservice-75pct,1600,60,75,1,0,cartservice,"frontend,checkoutservice",Metastable
S19,post-cart-stress-open,cartservice-50pct,1800,20,50,1,0,cartservice,"frontend,checkoutservice",Metastable
S20,post-cart-stress-open,cartservice-95pct,1800,30,95,1,0,cartservice,"frontend,checkoutservice",Metastable
S21,post-cart-stress-open,cartservice-75pct,1600,45,75,1,0,cartservice,"frontend,checkoutservice",Ambiguous
S22,post-cart-stress-open,cartservice-100pct,1600,75,100,1,0,cartservice,"frontend,checkoutservice",Ambiguous
S23,post-cart-stress-open,cartservice-100pct,1800,45,100,1,0,cartservice,"frontend,checkoutservice",Ambiguous
S24,post-cart-stress-open,cartservice-90pct,1800,60,90,1,0,cartservice,"frontend,checkoutservice",Ambiguous
S25,post-cart-stress-open,cartservice-75pct,1800,75,75,1,0,cartservice,"frontend,checkoutservice",Ambiguous
MS1,post-cart-stress-open,cartservice-75pct,1200,20,75,2,60,cartservice,"frontend,checkoutservice",Recovered
MS2,post-cart-stress-open,cartservice-90pct,1200,30,90,2,60,cartservice,"frontend,checkoutservice",Recovered
MS3,post-cart-stress-open,cartservice-75pct,1400,45,75,2,60,cartservice,"frontend,checkoutservice",Ambiguous
AS1,browse-stress-open,productcatalogservice-75pct,800,30,75,1,0,productcatalogservice,"frontend,checkoutservice,recommendationservice",Ambiguous
AS2,checkout-stress-open,paymentservice-90pct,500,30,90,1,0,paymentservice,checkoutservice,Ambiguous
