id,rate_rps,fault_duration,fault_rate,default_label
S01,1000,20,50,Recovered
S02,1000,75,100,Recovered
S03,1200,30,90,Recovered
S04,1400,20,90,Recovered
S05,1200,20,95,Metastable
S06,1200,45,75,Metastable
S07,1200,45,90,Metastable
S08,1200,75,75,Metastable
S09,1400,20,50,Metastable
S10,1400,20,75,Recovered
S11,1400,45,75,Recovered
S12,1400,45,90,Metastable
S13,1400,45,100,Metastable
S14,1400,75,50,Recovered
S15,1400,75,75,Metastable
S16,1600,30,50,Metastable
S17,1600,30,90,Metastable
S18,1600,60,75,Metastable
S19,1800,20,50,Metastable
S20,1800,30,95,Metastable
S21,1600,45,75,Ambiguous
S22,1600,75,100,Ambiguous
S23,1800,45,100,Ambiguous
S24,1800,60,90,Ambiguous
S25,1800,75,75,Ambiguous
