1764174092.061896,1.8463225364685059,200
1764174092.0747247,1.8597197532653809,200
1764174092.0915303,1.8612010478973389,200
1764174092.106523,1.8906145095825195,200
1764174092.1217263,1.9020490646362305,200
1764174092.1321409,1.899843454360962,200
1764174092.1419032,1.909991979598999,200
1764174092.1517992,1.9363071918487549,200
1764174092.159034,1.925666332244873,200
1764174092.1655414,1.9304454326629639,200
1764174092.1712642,1.9353480339050293,200
1764174092.181254,1.9598827362060547,200
1764174092.1944387,1.9746460914611816,200
1764174092.20224,1.967552661895752,200
1764174092.211657,1.9914357662200928,200
1764174092.2209513,1.978416919708252,200
1764174092.2296839,1.986471176147461,200
1764174092.2395277,2.0181922912597656,200
1764174092.247616,2.0266036987304688,200
1764174092.2552652,2.0330142974853516,200
1764174092.6868649,0.030718564987182617,200
1764174092.7304838,0.0170745849609375,200
1764174092.8600883,0.010306835174560547,200
1764174092.8866854,0.009318828582763672,200
1764174093.0325801,0.010387897491455078,200
1764174093.0391216,0.008245706558227539,200
1764174093.086254,0.010259151458740234,200
1764174093.3806384,0.010752439498901367,200
1764174093.408666,0.03266549110412598,200
1764174093.465019,0.017119884490966797,200
1764174093.4867837,0.011519432067871094,200
1764174093.4935093,0.01458883285522461,200
1764174093.5537148,0.009873628616333008,200
1764174093.5918808,0.015128612518310547,200
1764174093.6299062,0.008690118789672852,200
1764174093.6887298,0.00883173942565918,200
1764174093.6979806,0.01696467399597168,200
1764174093.8857698,0.01165914535522461,200
1764174093.8905013,0.007355690002441406,200
1764174093.8963847,0.00737762451171875,200
1764174093.9115367,0.007594585418701172,200
1764174094.0148153,0.008642911911010742,200
1764174094.1053627,0.010129928588867188,200
1764174094.1442175,0.009024620056152344,200
1764174094.193671,0.007726192474365234,200
1764174094.2106295,0.006720304489135742,200
1764174094.216199,0.011879682540893555,200
1764174094.2233264,0.006310701370239258,200
1764174094.4910333,0.008279800415039062,200
1764174094.7585566,0.02226543426513672,200
1764174094.776545,0.03848719596862793,200
1764174094.8524127,0.010643482208251953,200
1764174094.8598208,0.011788368225097656,200
1764174094.8651865,0.015256643295288086,200
1764174094.9546313,0.011492013931274414,200
1764174095.0412397,0.014300107955932617,200
1764174095.0834363,0.012148380279541016,200
1764174095.1145325,0.011109352111816406,200
1764174095.3152375,0.03273296356201172,200
1764174095.3273013,0.03420519828796387,200
1764174095.3371446,0.029985427856445312,200
1764174095.3875163,0.01259303092956543,200
1764174095.421532,0.01205134391784668,200
1764174095.4309955,0.020316362380981445,200
1764174095.5570974,0.017876386642456055,200
1764174095.628401,0.018870830535888672,200
1764174095.8301923,0.034749746322631836,200
1764174095.8454025,0.01618790626525879,200
1764174095.8693073,0.014947891235351562,200
1764174095.880175,0.011812210083007812,200
1764174095.9594004,0.01192927360534668,200
1764174095.965648,0.015159845352172852,200
1764174095.9710932,0.019913434982299805,200
1764174096.04641,0.008590459823608398,200
1764174096.05897,0.007842779159545898,200
1764174096.16651,0.024758100509643555,200
1764174096.329104,0.031951189041137695,200
1764174096.3900208,0.020111083984375,200
1764174096.407728,0.013492822647094727,200
1764174096.582267,0.030878782272338867,200
1764174096.6320963,0.019903182983398438,200
1764174096.7594178,0.03415846824645996,200
1764174096.7902975,0.01907825469970703,200
1764174096.963673,0.03597760200500488,200
1764174097.0610957,0.026333093643188477,200
1764174097.1762066,0.03275775909423828,200
1764174097.2153742,0.017806291580200195,200
1764174097.2261558,0.018565654754638672,200
1764174097.3546653,0.03093719482421875,200
1764174097.366633,0.021930694580078125,200
1764174097.3760056,0.02967667579650879,200
1764174097.4003665,0.009508371353149414,200
1764174097.4065871,0.008606195449829102,200
1764174097.4446616,0.008484125137329102,200
1764174097.48734,0.010866403579711914,200
1764174097.6116974,0.015673160552978516,200
1764174097.6622093,0.014572858810424805,200
1764174097.7868829,0.02851247787475586,200
1764174097.7984443,0.04086565971374512,200
1764174097.8781142,0.023319721221923828,200
1764174097.9514682,0.02051997184753418,200
1764174097.9740644,0.01385951042175293,200
1764174098.0449355,0.01575756072998047,200
1764174098.0589201,0.01366734504699707,200
1764174098.0681078,0.013026714324951172,200
1764174098.076855,0.018687725067138672,200
1764174098.0847585,0.018461227416992188,200
1764174098.0915,0.011484384536743164,200
1764174098.1487327,0.010422706604003906,200
1764174098.1550672,0.01600480079650879,200
1764174098.2839081,0.015604257583618164,200
1764174098.2933543,0.02500629425048828,200
1764174098.595304,0.036881208419799805,200
1764174098.8554945,0.03561258316040039,200
1764174098.8693936,0.025712013244628906,200
1764174098.9292133,0.017562150955200195,200
1764174098.955033,0.01389765739440918,200
1764174098.977424,0.010824441909790039,200
1764174099.069702,0.014585256576538086,200
1764174099.0773053,0.018184185028076172,200
1764174099.2393064,0.025965213775634766,200
1764174099.2566335,0.015266656875610352,200
1764174099.4073348,0.03677201271057129,200
1764174099.4285765,0.017191648483276367,200
1764174099.48984,0.02124309539794922,200
1764174099.5003853,0.02983856201171875,200
1764174099.5077546,0.026221752166748047,200
1764174099.586111,0.015690088272094727,200
1764174099.648746,0.015709400177001953,200
1764174099.7005725,0.015518903732299805,200
1764174099.7866929,0.018332958221435547,200
1764174099.7967827,0.016762971878051758,200
1764174099.8770828,0.01795673370361328,200
1764174099.8873286,0.016794204711914062,200
1764174099.8951519,0.022106170654296875,200
1764174099.9026444,0.009765625,200
1764174099.9674203,0.01383352279663086,200
1764174100.1632688,0.03332710266113281,200
1764174100.1778028,0.016665220260620117,200
1764174100.2400806,0.01640033721923828,200
1764174100.2567253,0.011542797088623047,200
1764174100.2980814,0.01031947135925293,200
1764174100.378419,0.016143798828125,200
1764174100.42223,0.015252113342285156,200
1764174100.4556217,0.01880645751953125,200
1764174100.4838543,0.010318756103515625,200
1764174100.4937093,0.008620023727416992,200
1764174100.5184433,0.008067607879638672,200
1764174100.5570614,0.009855031967163086,200
1764174100.5623105,0.01020956039428711,200
1764174100.5775044,0.006519317626953125,200
1764174100.743656,0.015813112258911133,200
1764174101.0306618,0.034264326095581055,200
1764174101.0457368,0.027124404907226562,200
1764174101.0553012,0.031186580657958984,200
1764174101.0647335,0.03762483596801758,200
1764174101.1505277,0.014027833938598633,200
1764174101.1695035,0.01153707504272461,200
1764174101.3894525,0.037969350814819336,200
1764174101.409621,0.01616072654724121,200
1764174101.5254822,0.031989097595214844,200
1764174101.534152,0.039925575256347656,200
1764174101.5429497,0.04330253601074219,200
1764174101.5501912,0.031227588653564453,200
1764174101.5574074,0.01595783233642578,200
1764174101.6314638,0.008151769638061523,200
1764174101.7421982,0.010259628295898438,200
1764174101.8021948,0.011672258377075195,200
1764174101.8289223,0.010430335998535156,200
1764174101.9040112,0.014192819595336914,200
1764174101.91304,0.022154808044433594,200
1764174102.023995,0.020364761352539062,200
1764174102.0465581,0.013238668441772461,200
1764174102.0990925,0.013976812362670898,200
1764174102.1792214,0.015625953674316406,200
1764174102.3899071,0.034563541412353516,200
1764174102.4020133,0.04143548011779785,200
1764174102.4189343,0.012696981430053711,200
1764174102.5534382,0.010339975357055664,200
1764174102.5923963,0.00916147232055664,200
1764174102.884,0.03403902053833008,200
1764174102.8971,0.028221607208251953,200
1764174102.9388692,0.01472926139831543,200
1764174102.947606,0.016601085662841797,200
1764174102.9747245,0.038649797439575195,200
1764174102.9864435,0.00732421875,200
1764174103.1054897,0.011952400207519531,200
1764174103.1132367,0.016217708587646484,200
1764174103.2344813,0.009557485580444336,200
1764174103.243337,0.006106376647949219,200
1764174103.2939444,0.007670164108276367,200
1764174103.309532,0.006608486175537109,200
1764174103.38748,0.009545087814331055,200
1764174103.4067016,0.00852513313293457,200
1764174103.5885246,0.030223369598388672,200
1764174103.6834893,0.031167268753051758,200
1764174103.852438,0.0332789421081543,200
1764174103.8717258,0.016089439392089844,200
1764174103.9055688,0.013411998748779297,200
1764174103.9138584,0.017001867294311523,200
1764174103.9925249,0.012450933456420898,200
1764174104.0441499,0.011606216430664062,200
1764174104.0868886,0.013326883316040039,200
1764174104.132098,0.011103630065917969,200
1764174104.15598,0.010715246200561523,200
1764174104.174269,0.00925135612487793,200
1764174104.21967,0.009735584259033203,200
1764174104.398335,0.03508806228637695,200
1764174104.6051412,0.04169106483459473,200
1764174104.6422586,0.017800569534301758,200
1764174104.6727273,0.014998435974121094,200
1764174104.8009546,0.016637563705444336,200
1764174104.807119,0.011180639266967773,200
1764174104.9029856,0.023145437240600586,200
1764174104.9299195,0.013608694076538086,200
1764174104.9371214,0.020313501358032227,200
1764174104.9448516,0.019809484481811523,200
1764174104.9525478,0.020462512969970703,200
1764174104.9611933,0.015197277069091797,200
1764174104.9737484,0.008669853210449219,200
1764174104.9997861,0.00934743881225586,200
1764174105.0204678,0.007501125335693359,200
1764174105.2940087,0.037453651428222656,200
1764174105.4122603,0.03256845474243164,200
1764174105.4819276,0.024539470672607422,200
1764174105.5139754,0.014360666275024414,200
1764174105.522359,0.015305280685424805,200
1764174105.5288885,0.008896827697753906,200
1764174105.624501,0.013474464416503906,200
1764174105.637451,0.010279178619384766,200
1764174105.6450453,0.013046741485595703,200
1764174105.6610472,0.008914947509765625,200
1764174105.8463516,0.03446698188781738,200
1764174105.971563,0.031203746795654297,200
1764174105.985253,0.02304840087890625,200
1764174105.995726,0.03123784065246582,200
1764174106.0066988,0.00992894172668457,200
1764174106.0128367,0.012887239456176758,200
1764174106.0238876,0.007874011993408203,200
1764174106.0291116,0.010208368301391602,200
1764174106.068483,0.007880687713623047,200
1764174106.1109908,0.008285045623779297,200
1764174106.1835732,0.011409759521484375,200
1764174106.2586558,0.02635025978088379,200
1764174106.2883444,0.023104190826416016,200
1764174106.3678548,0.009809732437133789,200
1764174106.5201747,0.02252030372619629,200
1764174106.6366956,0.02985072135925293,200
1764174106.6783447,0.017838478088378906,200
1764174106.700138,0.0132904052734375,200
1764174106.7377143,0.014959573745727539,200
1764174106.7555828,0.010585784912109375,200
1764174106.7791882,0.009191274642944336,200
1764174106.936737,0.026398658752441406,200
1764174107.0468411,0.029211997985839844,200
1764174107.0556417,0.024565935134887695,200
1764174107.1340628,0.0204160213470459,200
1764174107.164685,0.012718677520751953,200
1764174107.2576966,0.0179598331451416,200
1764174107.321178,0.01690840721130371,200
1764174107.3950443,0.02747178077697754,200
1764174107.4714804,0.011520147323608398,200
1764174107.5592089,0.021663188934326172,200
1764174107.6170452,0.012636423110961914,200
1764174107.714703,0.010736942291259766,200
1764174107.821963,0.013776063919067383,200
1764174108.1913242,0.2532215118408203,200
1764174108.2082272,0.26811909675598145,200
1764174108.218658,0.2734501361846924,200
1764174108.2250032,0.2678520679473877,200
1764174108.2313118,0.13190865516662598,200
1764174108.2371976,0.098876953125,200
1764174108.243473,0.10342717170715332,200
1764174108.249081,0.03622865676879883,200
1764174108.2548654,0.020275592803955078,200
1764174108.317263,0.010877370834350586,200
1764174108.3246202,0.012912511825561523,200
1764174108.5801437,0.02946639060974121,200
1764174108.7680469,0.02117466926574707,200
1764174108.9313288,0.026351213455200195,200
1764174109.006199,0.028705120086669922,200
1764174109.0629418,0.06914877891540527,200
1764174109.0746574,0.008874893188476562,200
1764174109.154491,0.010202646255493164,200
1764174109.2454188,0.011728763580322266,200
1764174109.2956626,0.011414766311645508,200
1764174109.3184268,0.009532690048217773,200
1764174109.3374534,0.009415864944458008,200
1764174109.3434908,0.009837627410888672,200
1764174109.4171364,0.013853788375854492,200
1764174109.4845757,0.009189128875732422,200
1764174109.4896402,0.01183319091796875,200
1764174109.5142527,0.007588386535644531,200
1764174109.7086506,0.034856557846069336,200
1764174109.7280982,0.020736217498779297,200
1764174109.920665,0.034584999084472656,200
1764174109.974699,0.018464088439941406,200
1764174110.1885762,0.038216352462768555,200
1764174119.0299997,8.859622955322266,0
1764174119.200066,8.925378799438477,0
1764174119.2117252,8.890894889831543,0
1764174119.2335715,9.015449285507202,0
1764174119.3013406,8.82067584991455,0
1764174119.398594,8.999487161636353,0
1764174119.4145675,8.966556787490845,0
1764174119.4260476,8.839155912399292,0
1764174119.4531505,9.056303024291992,0
1764174119.453287,8.927884340286255,0
1764174119.7606688,8.924889087677002,0
1764174119.8373747,8.92234182357788,0
1764174119.9249957,8.960156202316284,0
1764174119.9463348,8.952946424484253,0
1764174120.2407115,8.820255279541016,0
1764174120.2901921,9.016574382781982,0
1764174120.2905185,8.906948328018188,0
1764174120.549277,0.6008164882659912,502
1764174120.5494885,8.893260955810547,502
1764174120.5496693,8.795545101165771,502
1764174120.5500567,1.1472444534301758,502
1764174120.5521266,8.583274841308594,502
1764174120.5522006,1.3079369068145752,502
1764174120.5525174,1.5143039226531982,502
1764174120.5527508,0.7087361812591553,502
1764174120.5527856,0.6187968254089355,502
1764174120.5531607,1.121042251586914,502
1764174120.555015,0.30869460105895996,502
1764174120.5558937,1.0925116539001465,502
1764174120.5563362,1.346679449081421,502
1764174120.5602453,0.2610139846801758,502
1764174120.5610714,1.3432564735412598,502
1764174120.5611148,1.1376917362213135,502
1764174120.5620234,1.0974349975585938,502
1764174120.5625904,0.0071222782135009766,502
1764174120.565369,0.2515885829925537,502
1764174120.5653834,1.2483971118927002,502
1764174120.5683484,0.012130498886108398,502
1764174120.5704212,0.8048906326293945,502
1764174120.570612,0.014609098434448242,502
1764174120.5720322,0.006520986557006836,502
1764174120.5720878,0.007055759429931641,502
1764174120.572178,0.008469581604003906,502
1764174120.5749831,0.02210855484008789,502
1764174120.5758905,0.006040096282958984,502
1764174120.576429,0.009523868560791016,502
1764174120.5766835,0.013163566589355469,502
1764174120.578596,0.012494325637817383,502
1764174120.5793345,0.01143193244934082,502
1764174120.5796335,0.009987831115722656,502
1764174120.579814,0.020929813385009766,502
1764174120.581506,0.008707761764526367,502
1764174120.5816538,0.02369236946105957,502
1764174120.5838053,0.004839897155761719,502
1764174120.5842829,0.005710124969482422,502
1764174120.5847723,0.011706352233886719,502
1764174120.5850053,0.008157968521118164,502
1764174120.5864015,0.023578882217407227,502
1764174120.5864878,0.005342960357666016,502
1764174120.5897386,0.013240337371826172,502
1764174120.5902846,0.009199142456054688,502
1764174120.5905619,0.012388467788696289,502
1764174120.5908818,0.013493776321411133,502
1764174120.5909288,0.007004499435424805,502
1764174120.5934498,0.010877609252929688,502
1764174120.594829,0.021987438201904297,502
1764174120.5953908,0.003954410552978516,502
1764174120.5964482,0.0058062076568603516,502
1764174120.5973985,0.009461164474487305,502
1764174120.5980628,0.0107269287109375,502
1764174120.5981646,0.01201009750366211,502
1764174120.598809,0.011327266693115234,502
1764174120.5988724,0.013001680374145508,502
1764174120.5993412,0.011011838912963867,502
1764174129.3700836,8.77119493484497,0
1764174129.4068623,8.807579755783081,0
1764174129.4410298,8.850749969482422,0
1764174129.441122,8.848541259765625,0
1764174129.4411974,8.849414110183716,0
1764174129.4541585,8.863831758499146,0
1764174129.492039,8.890510320663452,0
1764174129.4921865,8.891170978546143,0
1764174129.4973729,8.896724224090576,0
1764174129.500465,8.919027090072632,0
1764174129.5197775,8.92259430885315,0
1764174129.5351815,8.935221195220947,0
1764174129.5382473,8.943415641784668,0
1764174129.550768,8.958499431610107,0
1764174129.5651698,8.972757339477539,0
1764174129.5703595,8.97329044342041,0
1764174129.5703995,8.977085828781128,0
1764174129.5842192,8.995926141738892,0
1764174129.6134243,9.011616468429565,0
1764174129.6160407,9.01503610610962,0
1764174138.2402575,8.797805070877075,0
1764174138.2733479,8.774153470993042,0
1764174138.2734478,8.818284034729004,0
1764174138.283424,8.781484603881836,0
1764174138.317611,8.764885663986206,0
1764174138.3246267,8.879736423492432,0
1764174138.3633342,8.991618871688843,0
1764174138.363414,8.955493688583374,0
1764174138.3902824,8.896790981292725,0
1764174138.4147754,8.917805910110474,0
1764174138.4408824,8.919176816940308,0
1764174138.4454188,9.001781463623047,0
1764174138.4505572,8.833506107330322,0
1764174138.466708,8.894206285476685,0
1764174138.4726698,8.906116962432861,0
1764174138.4954093,8.958850860595703,0
1764174138.500936,8.929535627365112,0
1764174138.5098777,8.970280408859253,0
1764174138.5510144,8.965534925460815,0
1764174138.6027246,8.988106489181519,0
1764174147.1129236,8.83776068687439,0
1764174147.149113,8.872763395309448,0
1764174147.1702592,8.884891271591187,0
1764174147.2317078,8.90554141998291,0
1764174147.2318025,8.91249680519104,0
1764174147.2743106,8.857446670532227,0
1764174147.293539,8.841673851013184,0
1764174147.2936382,9.051895380020142,0
1764174147.3150356,8.818242311477661,0
1764174147.3489964,8.984352827072144,0
1764174147.3810098,9.014183044433594,0
1764174147.3811052,8.93470573425293,0
1764174147.3811522,8.938946723937988,0
1764174147.4041462,8.93066954612732,0
1764174147.414936,8.946757078170776,0
1764174147.4351118,8.882528305053711,0
1764174147.4431086,8.839590311050415,0
1764174147.4651072,8.954246759414673,0
1764174147.4652014,9.073845148086548,0
1764174147.5205057,9.018315553665161,0
1764174149.2360194,2.0034964084625244,200
1764174149.2451124,1.969803810119629,200
1764174149.249218,1.9549057483673096,200
1764174149.2534351,1.9558908939361572,200
1764174149.2582378,1.9421412944793701,200
1764174149.2627022,1.9129602909088135,200
1764174149.2673085,1.8856735229492188,200
1764174149.2723563,1.8895361423492432,200
1764174149.2768447,1.8930003643035889,200
1764174149.2812402,1.8766350746154785,200
1764174149.2855048,1.868483304977417,200
1764174149.2906744,1.8547918796539307,200
1764174149.2952108,1.8516349792480469,200
1764174149.3001626,1.8329510688781738,200
1764174149.324546,1.858854055404663,200
1764174149.3291094,1.8074681758880615,200
1764174149.3368177,2.2230701446533203,200
1764174149.3414576,2.170206069946289,200
1764174149.3456197,2.195672035217285,200
1764174149.3501515,2.114732027053833,200
1764174149.8439145,0.03986239433288574,200
1764174149.9078379,0.017719507217407227,200
1764174150.0655956,0.037558794021606445,200
1764174150.1035528,0.019260644912719727,200
1764174150.2900007,0.02199530601501465,200
1764174150.298558,0.028539657592773438,200
1764174150.3953903,0.021723508834838867,200
1764174150.6820638,0.033585309982299805,200
1764174150.6955433,0.04054665565490723,200
1764174150.7062871,0.046279191970825195,200
1764174150.894191,0.03315019607543945,200
1764174150.9073048,0.026441097259521484,200
1764174150.9175632,0.028718233108520508,200
1764174150.9252799,0.033405303955078125,200
1764174150.931265,0.023467540740966797,200
1764174150.9379425,0.011181116104125977,200
1764174150.9541748,0.007294893264770508,200
1764174150.998088,0.009296894073486328,200
1764174151.0510519,0.009828567504882812,200
1764174151.088736,0.00818014144897461,200
1764174151.1176946,0.008201360702514648,200
1764174151.5594742,0.030161142349243164,200
1764174151.6559174,0.0292665958404541,200
1764174151.7012937,0.0187680721282959,200
1764174151.809758,0.026769399642944336,200
1764174151.824349,0.013443708419799805,200
1764174151.8727694,0.015135049819946289,200
1764174151.9773953,0.019257307052612305,200
1764174151.9918067,0.012796640396118164,200
1764174152.1830163,0.03496980667114258,200
1764174152.1957033,0.02611398696899414,200
1764174152.2393687,0.012621164321899414,200
1764174152.3085449,0.016123533248901367,200
1764174152.31869,0.02480292320251465,200
1764174152.3253107,0.030689001083374023,200
1764174152.3318946,0.025720596313476562,200
1764174152.397003,0.020710229873657227,200
1764174152.4214904,0.03214597702026367,200
1764174152.6483703,0.0266726016998291,200
1764174152.682149,0.011465787887573242,200
1764174152.8675659,0.03005361557006836,200
1764174152.8796513,0.034624338150024414,200
1764174152.890672,0.04365134239196777,200
1764174152.8994215,0.044449806213378906,200
1764174152.9062445,0.01058650016784668,200
1764174152.9130075,0.01030111312866211,200
1764174152.9447947,0.009147167205810547,200
1764174152.9800098,0.009489774703979492,200
1764174153.303473,0.032655954360961914,200
1764174153.38472,0.025971174240112305,200
1764174153.4452856,0.022954463958740234,200
1764174153.462766,0.03430891036987305,200
1764174153.4696364,0.030807971954345703,200
1764174153.4770083,0.01896834373474121,200
1764174153.5517025,0.008817434310913086,200
1764174153.5991518,0.0067861080169677734,200
1764174153.6213899,0.006255388259887695,200
1764174153.6566029,0.00854349136352539,200
1764174153.6616218,0.008846759796142578,200
1764174153.7265267,0.007806062698364258,200
1764174153.7761354,0.0088348388671875,200
1764174153.8084414,0.008181333541870117,200
1764174154.0198777,0.035100698471069336,200
1764174154.0309918,0.037342071533203125,200
1764174154.1698625,0.03947901725769043,200
1764174154.1807795,0.0465235710144043,200
1764174154.3833578,0.03489279747009277,200
1764174154.3944826,0.03451800346374512,200
1764174154.4034092,0.022544384002685547,200
1764174154.560854,0.028436899185180664,200
1764174154.6835687,0.0335698127746582,200
1764174154.818924,0.03327369689941406,200
1764174154.8397715,0.016829490661621094,200
1764174154.8941607,0.015921831130981445,200
1764174154.9816859,0.02283167839050293,200
1764174155.024124,0.01594400405883789,200
1764174155.084365,0.015763044357299805,200
1764174155.1321094,0.013667106628417969,200
1764174155.1574402,0.011115550994873047,200
1764174155.2462938,0.014157295227050781,200
1764174155.256138,0.011265754699707031,200
1764174155.3388638,0.014560937881469727,200
1764174155.3901563,0.013600349426269531,200
1764174155.406146,0.013190269470214844,200
1764174155.481459,0.014783620834350586,200
1764174155.6039224,0.027184724807739258,200
1764174155.7776804,0.0315554141998291,200
1764174155.7894192,0.01442718505859375,200
1764174155.8184474,0.012205839157104492,200
1764174155.8618724,0.012687444686889648,200
1764174155.8967204,0.011335372924804688,200
1764174155.9484954,0.014221668243408203,200
1764174155.9964242,0.011568307876586914,200
