1764174090.3070364,success
1764174090.3613,success
1764174090.4638393,success
1764174090.6665742,success
1764174091.070126,success
1764174091.875533,success
1764174092.0654051,success
1764174092.0813682,success
1764174092.1004002,success
1764174092.1103344,success
1764174092.1221285,success
1764174092.1355712,success
1764174092.1454153,success
1764174092.1550028,success
1764174092.1622612,success
1764174092.1679657,success
1764174092.1750011,success
1764174092.1872046,success
1764174092.1972723,success
1764174092.2048404,success
1764174092.2149277,success
1764174092.2245347,success
1764174092.2325096,success
1764174092.2426412,success
1764174092.25083,success
1764174092.6654747,success
1764174092.7233844,success
1764174092.8549936,success
1764174092.8823667,success
1764174093.0271602,success
1764174093.03548,success
1764174093.0807204,success
1764174093.3757238,success
1764174093.4042408,success
1764174093.4582703,success
1764174093.4814193,success
1764174093.489883,success
1764174093.5492055,success
1764174093.5814848,success
1764174093.6263034,success
1764174093.6851835,success
1764174093.6922789,success
1764174093.8789573,success
1764174093.8868234,success
1764174093.893097,success
1764174093.9083707,success
1764174094.011186,success
1764174094.099939,success
1764174094.1408472,success
1764174094.1905212,success
1764174094.2079823,success
1764174094.2136514,success
1764174094.2206285,success
1764174094.4874291,success
1764174094.7502277,success
1764174094.7639613,success
1764174094.848385,success
1764174094.8567226,success
1764174094.8626163,success
1764174094.950137,success
1764174095.0361514,success
1764174095.0791194,success
1764174095.110119,success
1764174095.3061028,success
1764174095.321846,success
1764174095.3324003,success
1764174095.3830085,success
1764174095.416728,success
1764174095.4262269,success
1764174095.550965,success
1764174095.6212018,success
1764174095.8188908,success
1764174095.838738,success
1764174095.8621202,success
1764174095.875854,success
1764174095.954174,success
1764174095.9625208,success
1764174095.9683974,success
1764174096.0428736,success
1764174096.0557296,success
1764174096.1603048,success
1764174096.3212185,success
1764174096.3838644,success
1764174096.4025176,success
1764174096.573739,success
1764174096.6249802,success
1764174096.7510302,success
1764174096.7832847,success
1764174096.954324,success
1764174097.0533473,success
1764174097.1665788,success
1764174097.2089477,success
1764174097.2208056,success
1764174097.3464327,success
1764174097.361428,success
1764174097.3715065,success
1764174097.3970654,success
1764174097.4038415,success
1764174097.4413188,success
1764174097.4835217,success
1764174097.6051397,success
1764174097.6566544,success
1764174097.7791364,success
1764174097.793311,success
1764174097.8708057,success
1764174097.9456873,success
1764174097.9683938,success
1764174098.0385356,success
1764174098.0533648,success
1764174098.0634012,success
1764174098.0726156,success
1764174098.0811753,success
1764174098.0885494,success
1764174098.145116,success
1764174098.1519675,success
1764174098.2779696,success
1764174098.2888818,success
1764174098.5802786,success
1764174098.8457446,success
1764174098.8633473,success
1764174098.922574,success
1764174098.9493172,success
1764174098.9731307,success
1764174099.0646038,success
1764174099.0736923,success
1764174099.2311642,success
1764174099.250719,success
1764174099.3986585,success
1764174099.4225917,success
1764174099.4819167,success
1764174099.4952137,success
1764174099.5042665,success
1764174099.5798984,success
1764174099.6428294,success
1764174099.69437,success
1764174099.7802796,success
1764174099.7920272,success
1764174099.870615,success
1764174099.8823318,success
1764174099.891237,success
1764174099.8990862,success
1764174099.9625244,success
1764174100.152741,success
1764174100.171634,success
1764174100.2340727,success
1764174100.2519312,success
1764174100.2938743,success
1764174100.3727875,success
1764174100.4168434,success
1764174100.4498882,success
1764174100.4799411,success
1764174100.4902174,success
1764174100.5152814,success
1764174100.5536005,success
1764174100.5600107,success
1764174100.5750341,success
1764174100.7359266,success
1764174101.0199225,success
1764174101.0400698,success
1764174101.0512104,success
1764174101.0595062,success
1764174101.1457908,success
1764174101.1656053,success
1764174101.3801477,success
1764174101.4039376,success
1764174101.516741,success
1764174101.5296416,success
1764174101.5388064,success
1764174101.5467956,success
1764174101.5541632,success
1764174101.6284664,success
1764174101.738687,success
1764174101.798094,success
1764174101.8250995,success
1764174101.8991737,success
1764174101.9086106,success
1764174102.0176415,success
1764174102.0420315,success
1764174102.0940568,success
1764174102.1734161,success
1764174102.3794224,success
1764174102.3969927,success
1764174102.4143598,success
1764174102.5496535,success
1764174102.58906,success
1764174102.8716798,success
1764174102.8912802,success
1764174102.9337952,success
1764174102.9438505,success
1764174102.9714599,success
1764174102.9836538,success
1764174103.1011128,success
1764174103.109725,success
1764174103.2312064,success
1764174103.2409415,success
1764174103.291316,success
1764174103.3070219,success
1764174103.3837938,success
1764174103.403598,success
1764174103.579397,success
1764174103.676431,success
1764174103.8429976,success
1764174103.8660622,success
1764174103.9007418,success
1764174103.9101336,success
1764174103.9879608,success
1764174104.0399795,success
1764174104.0819993,success
1764174104.1286545,success
1764174104.1516066,success
1764174104.1709187,success
1764174104.2161615,success
1764174104.3883705,success
1764174104.5942717,success
1764174104.6351628,success
1764174104.6663055,success
1764174104.7969604,success
1764174104.804255,success
1764174104.8958187,success
1764174104.9245806,success
1764174104.9333751,success
1764174104.9410322,success
1764174104.948229,success
1764174104.9571006,success
1764174104.9704502,success
1764174104.9963088,success
1764174105.0174654,success
1764174105.2861362,success
1764174105.4044716,success
1764174105.4741206,success
1764174105.5084138,success
1764174105.5188084,success
1764174105.5260954,success
1764174105.6198516,success
1764174105.6335793,success
1764174105.6418583,success
1764174105.657899,success
1764174105.8347135,success
1764174105.9624002,success
1764174105.9794266,success
1764174105.990968,success
1764174106.0032718,success
1764174106.0103114,success
1764174106.0212238,success
1764174106.0269156,success
1764174106.0656157,success
1764174106.1078815,success
1764174106.1789298,success
1764174106.2354317,success
1764174106.2830508,success
1764174106.3637333,success
1764174106.5145004,success
1764174106.6292527,success
1764174106.6715293,success
1764174106.695105,success
1764174106.7320168,success
1764174106.7520173,success
1764174106.7759323,success
1764174106.928216,success
1764174107.0357742,success
1764174107.0506434,success
1764174107.1261775,success
1764174107.1605682,success
1764174107.251868,success
1764174107.3109252,success
1764174107.3870373,success
1764174107.4657,success
1764174107.5527184,success
1764174107.612645,success
1764174107.7106276,success
1764174107.8185174,success
1764174107.9531882,success
1764174108.2011034,success
1764174108.2147992,success
1764174108.2220929,success
1764174108.2282057,success
1764174108.234204,success
1764174108.2400372,success
1764174108.2464082,success
1764174108.2523391,success
1764174108.3132224,success
1764174108.3213365,success
1764174108.56798,success
1764174108.7600334,success
1764174108.9202447,success
1764174108.9975722,success
1764174109.0587158,success
1764174109.070776,success
1764174109.1506598,success
1764174109.2409806,success
1764174109.2914596,success
1764174109.3149116,success
1764174109.3341665,success
1764174109.34087,success
1764174109.411111,success
1764174109.4809508,success
1764174109.4872637,success
1764174109.5113764,success
1764174109.6994927,success
1764174109.7178926,success
1764174109.9102266,success
1764174109.9685044,success
1764174110.176712,success
1764174110.1944711,nxdomain
1764174110.248963,nxdomain
1764174110.3591208,nxdomain
1764174110.566602,nxdomain
1764174110.9747863,nxdomain
1764174111.786259,nxdomain
1764174113.3972323,nxdomain
1764174116.614954,nxdomain
1764174121.7482498,nxdomain
1764174121.8052926,nxdomain
1764174121.9147358,nxdomain
1764174122.1271775,nxdomain
1764174122.5397565,nxdomain
1764174123.3455412,nxdomain
1764174124.9592328,nxdomain
1764174128.1746283,nxdomain
1764174134.5931442,nxdomain
1764174147.4259326,success
1764174147.492454,success
1764174147.5027843,success
1764174147.5114622,success
1764174147.517372,success
1764174147.5263755,success
1764174147.5322309,success
1764174147.538898,success
1764174147.5442715,success
1764174147.5517416,success
1764174147.557611,success
1764174147.5629964,success
1764174147.5686073,success
1764174147.5739436,success
1764174147.5797198,success
1764174147.5853298,success
1764174147.592662,success
1764174147.6104834,success
1764174147.6199985,success
1764174147.6300406,success
1764174147.9326792,success
1764174147.943699,success
1764174147.9619427,success
1764174147.971076,success
1764174147.9774752,success
1764174147.9852176,success
1764174147.9920743,success
1764174148.0009115,success
1764174148.0079687,success
1764174148.0179768,success
1764174148.0250306,success
1764174148.033944,success
1764174148.0396245,success
1764174148.0444574,success
1764174148.0517488,success
1764174148.0584006,success
1764174148.0668883,success
1764174148.0821319,success
1764174148.0878882,success
1764174148.096496,success
1764174148.1026044,success
1764174148.1111698,success
1764174148.1173918,success
1764174148.126042,success
1764174148.1326056,success
1764174148.1382563,success
1764174148.147888,success
1764174148.1572104,success
1764174148.16384,success
1764174148.1707802,success
1764174148.176337,success
1764174148.1817079,success
1764174148.1876485,success
1764174148.1937346,success
1764174148.200894,success
1764174148.20629,success
1764174148.2128382,success
1764174148.2210212,success
1764174148.239209,success
1764174148.2511828,success
1764174148.2639623,success
1764174148.2696304,success
1764174148.2745776,success
1764174148.2798066,success
1764174148.2846286,success
1764174148.2900233,success
1764174148.295065,success
1764174148.2998679,success
1764174148.3047633,success
1764174148.309808,success
1764174148.3147783,success
1764174148.3199613,success
1764174148.325039,success
1764174148.3301842,success
1764174148.3354287,success
1764174148.3400671,success
1764174148.3448515,success
1764174148.35134,success
1764174148.3614283,success
1764174148.3678901,success
1764174148.3732455,success
1764174148.3782244,success
1764174148.3833559,success
1764174148.3973558,success
1764174148.4025116,success
1764174148.4091828,success
1764174148.416871,success
1764174148.4222994,success
1764174148.4270954,success
1764174148.4328232,success
1764174148.4376874,success
1764174148.442785,success
1764174148.4480157,success
1764174148.4534302,success
1764174148.4610112,success
1764174148.4704566,success
1764174148.4758956,success
1764174148.4809766,success
1764174148.485576,success
1764174148.4906707,success
1764174148.495675,success
1764174148.500597,success
1764174148.505643,success
1764174148.510425,success
1764174148.5150335,success
1764174148.5199115,success
1764174148.5246887,success
1764174148.5298326,success
1764174148.5341997,success
1764174148.5399199,success
1764174148.54573,success
1764174148.5512252,success
1764174148.556929,success
1764174148.5646155,success
1764174148.570622,success
1764174148.5796206,success
1764174148.5865552,success
1764174148.5922496,success
1764174148.5971975,success
1764174148.6027434,success
1764174148.6079917,success
1764174148.6127164,success
1764174148.6171014,success
1764174148.6218808,success
1764174148.6268342,success
1764174148.6326146,success
1764174148.63731,success
1764174148.6421242,success
1764174148.646394,success
1764174148.6507146,success
1764174148.6554773,success
1764174148.6608484,success
1764174148.6654491,success
1764174148.6702497,success
1764174148.674855,success
1764174148.6803932,success
1764174148.6859949,success
1764174148.69269,success
1764174148.6982186,success
1764174148.705097,success
1764174148.712458,success
1764174148.7176723,success
1764174148.7227807,success
1764174148.7282386,success
1764174148.7340078,success
1764174148.7436488,success
1764174148.752485,success
1764174148.7589958,success
1764174148.7648823,success
1764174148.7702367,success
1764174148.775792,success
1764174148.7806697,success
1764174148.7856984,success
1764174148.790334,success
1764174148.7953153,success
1764174148.8190887,success
1764174148.8247895,success
1764174148.8295355,success
1764174148.8341727,success
1764174148.8391442,success
1764174148.8442678,success
1764174148.850039,success
1764174148.854898,success
1764174148.8605397,success
1764174148.8657682,success
1764174148.8708448,success
1764174148.8753142,success
1764174148.8806362,success
1764174148.8848522,success
1764174148.8892493,success
1764174148.893886,success
1764174148.8980722,success
1764174148.9022338,success
1764174148.9078867,success
1764174148.913187,success
1764174148.918366,success
1764174148.9259343,success
1764174148.9301877,success
1764174148.9351485,success
1764174148.940493,success
1764174148.9451115,success
1764174148.9498646,success
1764174148.95452,success
1764174148.9591756,success
1764174148.9636064,success
1764174148.9684484,success
1764174148.9732091,success
1764174148.977977,success
1764174148.982067,success
1764174148.9863806,success
1764174148.9907527,success
1764174148.9956331,success
1764174149.0000334,success
1764174149.0043962,success
1764174149.0091252,success
1764174149.0134447,success
1764174149.0176058,success
1764174149.0225372,success
1764174149.0269725,success
1764174149.0310163,success
1764174149.0352101,success
1764174149.0396626,success
1764174149.0441544,success
1764174149.0489044,success
1764174149.053091,success
1764174149.0574198,success
1764174149.061676,success
1764174149.0658445,success
1764174149.0699286,success
1764174149.0748358,success
1764174149.0794976,success
1764174149.083881,success
1764174149.088472,success
1764174149.0936413,success
1764174149.0993593,success
1764174149.1049433,success
1764174149.1096122,success
1764174149.1145692,success
1764174149.1196206,success
1764174149.1239986,success
1764174149.1288176,success
1764174149.133865,success
1764174149.1381276,success
1764174149.1426446,success
1764174149.147003,success
1764174149.15117,success
1764174149.1553404,success
1764174149.1610887,success
1764174149.166097,success
1764174149.1709778,success
1764174149.176057,success
1764174149.180977,success
1764174149.1851423,success
1764174149.189931,success
1764174149.1946445,success
1764174149.198759,success
1764174149.2029247,success
1764174149.2072742,success
1764174149.2114263,success
1764174149.2159982,success
1764174149.2201874,success
1764174149.2245324,success
1764174149.2289953,success
1764174149.2332892,success
1764174149.2379572,success
1764174149.2430522,success
1764174149.2472699,success
1764174149.251409,success
1764174149.2560625,success
1764174149.2606688,success
1764174149.2650476,success
1764174149.2702346,success
1764174149.2746766,success
1764174149.2792451,success
1764174149.283556,success
1764174149.2879798,success
1764174149.2930703,success
1764174149.2979612,success
1764174149.3212821,success
1764174149.3269055,success
1764174149.3346078,success
1764174149.3392808,success
1764174149.3437572,success
1764174149.3482137,success
1764174149.832596,success
1764174149.9010127,success
1764174150.0569994,success
1764174150.0973258,success
1764174150.2823522,success
1764174150.2953608,success
1764174150.3876238,success
1764174150.6712759,success
1764174150.6897485,success
1764174150.7010605,success
1764174150.884163,success
1764174150.9016252,success
1764174150.9132729,success
1764174150.9221563,success
1764174150.9285269,success
1764174150.9349852,success
1764174150.951546,success
1764174150.9952445,success
1764174151.0477395,success
1764174151.086042,success
1764174151.1146762,success
1764174151.5486252,success
1764174151.6467144,success
1764174151.6945064,success
1764174151.802594,success
1764174151.8194413,success
1764174151.8672373,success
1764174151.9706001,success
1764174151.98717,success
1764174152.1743097,success
1764174152.1909015,success
1764174152.2349668,success
1764174152.3034596,success
1764174152.3139908,success
1764174152.322603,success
1764174152.3293076,success
1764174152.3834276,success
1764174152.4131544,success
1764174152.638922,success
1764174152.677278,success
1764174152.8598778,success
1764174152.8750575,success
1764174152.8858566,success
1764174152.8950942,success
1764174152.9032354,success
1764174152.9104228,success
1764174152.9414742,success
1764174152.97667,success
1764174153.2926319,success
1764174153.3769593,success
1764174153.437829,success
1764174153.4586625,success
1764174153.4667122,success
1764174153.4737744,success
1764174153.5485537,success
1764174153.5965793,success
1764174153.618992,success
1764174153.6533566,success
1764174153.6595368,success
1764174153.7236652,success
1764174153.7732322,success
1764174153.805392,success
1764174154.010744,success
1764174154.0262218,success
1764174154.1620085,success
1764174154.175004,success
1764174154.3760328,success
1764174154.3898127,success
1764174154.3991501,success
1764174154.5497284,success
1764174154.6727188,success
1764174154.8092282,success
1764174154.8340747,success
1764174154.8888078,success
1764174154.976003,success
1764174155.0181181,success
1764174155.078696,success
1764174155.1269906,success
1764174155.1537414,success
1764174155.240314,success
1764174155.252108,success
1764174155.3339365,success
1764174155.3851318,success
1764174155.4017847,success
1764174155.4755921,success
1764174155.596745,success
1764174155.7688508,success
1764174155.784574,success
1764174155.8139834,success
1764174155.8574383,success
1764174155.892723,success
1764174155.9429362,success
1764174155.992509,success
